month,n,pct_online_primary,status
2024-01,2553,27.0,FINAL
2024-02,2474,26.4,FINAL
2024-03,2443,27.6,FINAL
2024-04,2494,24.2,FINAL
2024-05,2465,24.1,FINAL
2024-06,2457,25.9,FINAL
2024-07,2537,26.6,FINAL
2024-08,2487,26.9,FINAL
2024-09,2522,27.7,FINAL
2024-10,2525,26.5,FINAL
2024-11,2517,27.8,FINAL
2024-12,2544,29.1,FINAL
2025-01,2478,28.1,FINAL
2025-02,2513,27.9,FINAL
2025-03,2528,28.4,FINAL
2025-04,2556,27.8,FINAL
2025-05,2465,27.0,FINAL
2025-06,2467,25.7,FINAL
2025-07,2477,26.4,FINAL
2025-08,2537,27.4,FINAL
2025-09,2467,28.2,FINAL
2025-10,2444,28.7,FINAL
2025-11,2474,28.4,FINAL
2025-12,2506,28.7,FINAL
2026-01,2448,28.3,FINAL
2026-02,2534,28.9,FINAL
2026-03,2511,33.1,FINAL
2026-04,2550,30.6,FINAL
2026-05,2500,30.8,FINAL
2026-06,2465,31.6,FINAL
2026-07,2506,30.8,FINAL
2026-08,411,36.3,PRELIMINARY
