month,age_group,n,pct_online_primary,status
2024-01,18-24,306,36.3,FINAL
2024-01,25-34,460,33.0,FINAL
2024-01,35-54,868,28.5,FINAL
2024-01,55+,919,19.5,FINAL
2024-02,18-24,297,36.4,FINAL
2024-02,25-34,445,35.3,FINAL
2024-02,35-54,841,23.8,FINAL
2024-02,55+,891,21.0,FINAL
2024-03,18-24,293,41.0,FINAL
2024-03,25-34,440,31.8,FINAL
2024-03,35-54,831,28.0,FINAL
2024-03,55+,879,20.6,FINAL
2024-04,18-24,299,38.8,FINAL
2024-04,25-34,449,30.7,FINAL
2024-04,35-54,848,21.5,FINAL
2024-04,55+,898,18.6,FINAL
2024-05,18-24,296,31.8,FINAL
2024-05,25-34,444,31.1,FINAL
2024-05,35-54,838,23.7,FINAL
2024-05,55+,887,18.3,FINAL
2024-06,18-24,295,38.6,FINAL
2024-06,25-34,442,33.0,FINAL
2024-06,35-54,835,25.4,FINAL
2024-06,55+,885,18.6,FINAL
2024-07,18-24,304,39.5,FINAL
2024-07,25-34,457,33.0,FINAL
2024-07,35-54,863,25.7,FINAL
2024-07,55+,913,20.0,FINAL
2024-08,18-24,298,41.6,FINAL
2024-08,25-34,448,35.0,FINAL
2024-08,35-54,846,26.5,FINAL
2024-08,55+,895,18.2,FINAL
2024-09,18-24,303,39.9,FINAL
2024-09,25-34,454,34.8,FINAL
2024-09,35-54,857,28.2,FINAL
2024-09,55+,908,19.6,FINAL
2024-10,18-24,303,38.6,FINAL
2024-10,25-34,454,31.3,FINAL
2024-10,35-54,859,26.1,FINAL
2024-10,55+,909,20.4,FINAL
2024-11,18-24,302,41.1,FINAL
2024-11,25-34,453,34.4,FINAL
2024-11,35-54,856,27.7,FINAL
2024-11,55+,906,20.2,FINAL
2024-12,18-24,305,38.4,FINAL
2024-12,25-34,458,37.6,FINAL
2024-12,35-54,865,29.0,FINAL
2024-12,55+,916,21.9,FINAL
2025-01,18-24,297,39.4,FINAL
2025-01,25-34,446,34.5,FINAL
2025-01,35-54,843,27.5,FINAL
2025-01,55+,892,21.7,FINAL
2025-02,18-24,302,38.7,FINAL
2025-02,25-34,452,36.3,FINAL
2025-02,35-54,854,28.2,FINAL
2025-02,55+,905,19.9,FINAL
2025-03,18-24,303,42.9,FINAL
2025-03,25-34,455,33.4,FINAL
2025-03,35-54,860,27.3,FINAL
2025-03,55+,910,22.2,FINAL
2025-04,18-24,307,45.0,FINAL
2025-04,25-34,460,32.2,FINAL
2025-04,35-54,869,28.2,FINAL
2025-04,55+,920,19.6,FINAL
2025-05,18-24,296,41.6,FINAL
2025-05,25-34,444,31.5,FINAL
2025-05,35-54,838,26.8,FINAL
2025-05,55+,887,20.1,FINAL
2025-06,18-24,296,38.2,FINAL
2025-06,25-34,444,31.8,FINAL
2025-06,35-54,839,26.2,FINAL
2025-06,55+,888,18.1,FINAL
2025-07,18-24,297,36.0,FINAL
2025-07,25-34,446,37.4,FINAL
2025-07,35-54,842,24.6,FINAL
2025-07,55+,892,19.5,FINAL
2025-08,18-24,304,40.5,FINAL
2025-08,25-34,457,35.2,FINAL
2025-08,35-54,863,25.3,FINAL
2025-08,55+,913,21.0,FINAL
2025-09,18-24,296,38.9,FINAL
2025-09,25-34,444,35.4,FINAL
2025-09,35-54,839,30.4,FINAL
2025-09,55+,888,18.9,FINAL
2025-10,18-24,293,37.2,FINAL
2025-10,25-34,440,33.2,FINAL
2025-10,35-54,831,30.6,FINAL
2025-10,55+,880,21.9,FINAL
2025-11,18-24,297,37.4,FINAL
2025-11,25-34,445,33.9,FINAL
2025-11,35-54,841,29.3,FINAL
2025-11,55+,891,21.8,FINAL
2025-12,18-24,301,41.2,FINAL
2025-12,25-34,451,36.4,FINAL
2025-12,35-54,852,30.2,FINAL
2025-12,55+,902,19.3,FINAL
2026-01,18-24,294,31.0,FINAL
2026-01,25-34,441,37.0,FINAL
2026-01,35-54,832,28.0,FINAL
2026-01,55+,881,23.5,FINAL
2026-02,18-24,304,38.2,FINAL
2026-02,25-34,456,38.8,FINAL
2026-02,35-54,862,28.8,FINAL
2026-02,55+,912,21.1,FINAL
2026-03,18-24,301,48.2,FINAL
2026-03,25-34,452,36.7,FINAL
2026-03,35-54,854,34.2,FINAL
2026-03,55+,904,25.1,FINAL
2026-04,18-24,306,43.8,FINAL
2026-04,25-34,459,36.6,FINAL
2026-04,35-54,867,30.2,FINAL
2026-04,55+,918,23.6,FINAL
2026-05,18-24,300,45.3,FINAL
2026-05,25-34,450,36.9,FINAL
2026-05,35-54,850,30.4,FINAL
2026-05,55+,900,23.2,FINAL
2026-06,18-24,296,46.6,FINAL
2026-06,25-34,444,38.7,FINAL
2026-06,35-54,838,30.1,FINAL
2026-06,55+,887,24.4,FINAL
2026-07,18-24,301,39.9,FINAL
2026-07,25-34,451,36.6,FINAL
2026-07,35-54,852,32.4,FINAL
2026-07,55+,902,23.4,FINAL
2026-08,18-24,49,65.3,PRELIMINARY
2026-08,25-34,74,44.6,PRELIMINARY
2026-08,35-54,140,30.0,PRELIMINARY
2026-08,55+,148,28.4,PRELIMINARY
