month,n,pct_online_primary_published,pct_online_primary_legacy_basis,mode_adjustment_pts,status,basis
2024-01,2553,27.0,27.0,0.0,FINAL,legacy mixed-mode design (as published)
2024-02,2474,26.4,26.4,0.0,FINAL,legacy mixed-mode design (as published)
2024-03,2443,27.6,27.6,0.0,FINAL,legacy mixed-mode design (as published)
2024-04,2494,24.2,24.2,0.0,FINAL,legacy mixed-mode design (as published)
2024-05,2465,24.1,24.1,0.0,FINAL,legacy mixed-mode design (as published)
2024-06,2457,25.9,25.9,0.0,FINAL,legacy mixed-mode design (as published)
2024-07,2537,26.6,26.6,0.0,FINAL,legacy mixed-mode design (as published)
2024-08,2487,26.9,26.9,0.0,FINAL,legacy mixed-mode design (as published)
2024-09,2522,27.7,27.7,0.0,FINAL,legacy mixed-mode design (as published)
2024-10,2525,26.5,26.5,0.0,FINAL,legacy mixed-mode design (as published)
2024-11,2517,27.8,27.8,0.0,FINAL,legacy mixed-mode design (as published)
2024-12,2544,29.1,29.1,0.0,FINAL,legacy mixed-mode design (as published)
2025-01,2478,28.1,28.1,0.0,FINAL,legacy mixed-mode design (as published)
2025-02,2513,27.9,27.9,0.0,FINAL,legacy mixed-mode design (as published)
2025-03,2528,28.4,28.4,0.0,FINAL,legacy mixed-mode design (as published)
2025-04,2556,27.8,27.8,0.0,FINAL,legacy mixed-mode design (as published)
2025-05,2465,27.0,27.0,0.0,FINAL,legacy mixed-mode design (as published)
2025-06,2467,25.7,25.7,0.0,FINAL,legacy mixed-mode design (as published)
2025-07,2477,26.4,26.4,0.0,FINAL,legacy mixed-mode design (as published)
2025-08,2537,27.4,27.4,0.0,FINAL,legacy mixed-mode design (as published)
2025-09,2467,28.2,28.2,0.0,FINAL,legacy mixed-mode design (as published)
2025-10,2444,28.7,28.7,0.0,FINAL,legacy mixed-mode design (as published)
2025-11,2474,28.4,28.4,0.0,FINAL,legacy mixed-mode design (as published)
2025-12,2506,28.7,28.7,0.0,FINAL,legacy mixed-mode design (as published)
2026-01,2448,28.3,28.3,0.0,FINAL,legacy mixed-mode design (as published)
2026-02,2534,28.9,28.9,0.0,FINAL,legacy mixed-mode design (as published)
2026-03,2511,33.1,29.5,-3.6,FINAL,ESTIMATED: online-panel figure minus Feb-2026 bridge mode effect (unofficial; not a Methods adjustment)
2026-04,2550,30.6,27.0,-3.6,FINAL,ESTIMATED: online-panel figure minus Feb-2026 bridge mode effect (unofficial; not a Methods adjustment)
2026-05,2500,30.8,27.2,-3.6,FINAL,ESTIMATED: online-panel figure minus Feb-2026 bridge mode effect (unofficial; not a Methods adjustment)
2026-06,2465,31.6,28.0,-3.6,FINAL,ESTIMATED: online-panel figure minus Feb-2026 bridge mode effect (unofficial; not a Methods adjustment)
2026-07,2506,30.8,27.2,-3.6,FINAL,ESTIMATED: online-panel figure minus Feb-2026 bridge mode effect (unofficial; not a Methods adjustment)
2026-08,411,36.3,32.7,-3.6,PRELIMINARY,ESTIMATED: online-panel figure minus Feb-2026 bridge mode effect (unofficial; not a Methods adjustment)
