wave,segment,brand,n,consideration_pct
2025-07,18-34,Brightleaf,180,41.1
2025-07,35+,Brightleaf,320,35.3
2025-07,All adults,Brightleaf,500,37.4
2025-07,18-34,Northgate,180,32.8
2025-07,35+,Northgate,320,29.7
2025-07,All adults,Northgate,500,30.8
2025-07,18-34,Crestline,180,25.6
2025-07,35+,Crestline,320,27.8
2025-07,All adults,Crestline,500,27.0
2025-08,18-34,Brightleaf,180,40.0
2025-08,35+,Brightleaf,320,39.7
2025-08,All adults,Brightleaf,500,39.8
2025-08,18-34,Northgate,180,27.2
2025-08,35+,Northgate,320,31.9
2025-08,All adults,Northgate,500,30.2
2025-08,18-34,Crestline,180,22.2
2025-08,35+,Crestline,320,27.8
2025-08,All adults,Crestline,500,25.8
2025-09,18-34,Brightleaf,180,38.3
2025-09,35+,Brightleaf,320,31.6
2025-09,All adults,Brightleaf,500,34.0
2025-09,18-34,Northgate,180,28.9
2025-09,35+,Northgate,320,27.5
2025-09,All adults,Northgate,500,28.0
2025-09,18-34,Crestline,180,29.4
2025-09,35+,Crestline,320,29.7
2025-09,All adults,Crestline,500,29.6
2025-10,18-34,Brightleaf,180,45.0
2025-10,35+,Brightleaf,320,31.9
2025-10,All adults,Brightleaf,500,36.6
2025-10,18-34,Northgate,180,30.6
2025-10,35+,Northgate,320,31.6
2025-10,All adults,Northgate,500,31.2
2025-10,18-34,Crestline,180,24.4
2025-10,35+,Crestline,320,28.8
2025-10,All adults,Crestline,500,27.2
2025-11,18-34,Brightleaf,180,33.9
2025-11,35+,Brightleaf,320,33.1
2025-11,All adults,Brightleaf,500,33.4
2025-11,18-34,Northgate,180,33.9
2025-11,35+,Northgate,320,29.7
2025-11,All adults,Northgate,500,31.2
2025-11,18-34,Crestline,180,18.3
2025-11,35+,Crestline,320,30.6
2025-11,All adults,Crestline,500,26.2
2025-12,18-34,Brightleaf,180,35.0
2025-12,35+,Brightleaf,320,30.6
2025-12,All adults,Brightleaf,500,32.2
2025-12,18-34,Northgate,180,28.9
2025-12,35+,Northgate,320,29.4
2025-12,All adults,Northgate,500,29.2
2025-12,18-34,Crestline,180,21.7
2025-12,35+,Crestline,320,29.7
2025-12,All adults,Crestline,500,26.8
2026-01,18-34,Brightleaf,180,47.8
2026-01,35+,Brightleaf,320,33.1
2026-01,All adults,Brightleaf,500,38.4
2026-01,18-34,Northgate,180,42.8
2026-01,35+,Northgate,320,28.4
2026-01,All adults,Northgate,500,33.6
2026-01,18-34,Crestline,180,28.3
2026-01,35+,Crestline,320,27.5
2026-01,All adults,Crestline,500,27.8
2026-02,18-34,Brightleaf,180,41.7
2026-02,35+,Brightleaf,320,30.6
2026-02,All adults,Brightleaf,500,34.6
2026-02,18-34,Northgate,180,33.9
2026-02,35+,Northgate,320,33.1
2026-02,All adults,Northgate,500,33.4
2026-02,18-34,Crestline,180,21.7
2026-02,35+,Crestline,320,25.9
2026-02,All adults,Crestline,500,24.4
2026-03,18-34,Brightleaf,180,47.2
2026-03,35+,Brightleaf,320,34.7
2026-03,All adults,Brightleaf,500,39.2
2026-03,18-34,Northgate,180,36.7
2026-03,35+,Northgate,320,30.6
2026-03,All adults,Northgate,500,32.8
2026-03,18-34,Crestline,180,20.0
2026-03,35+,Crestline,320,27.2
2026-03,All adults,Crestline,500,24.6
2026-04,18-34,Brightleaf,180,46.1
2026-04,35+,Brightleaf,320,33.4
2026-04,All adults,Brightleaf,500,38.0
2026-04,18-34,Northgate,180,28.9
2026-04,35+,Northgate,320,30.6
2026-04,All adults,Northgate,500,30.0
2026-04,18-34,Crestline,180,26.1
2026-04,35+,Crestline,320,27.5
2026-04,All adults,Crestline,500,27.0
2026-05,18-34,Brightleaf,180,41.7
2026-05,35+,Brightleaf,320,36.6
2026-05,All adults,Brightleaf,500,38.4
2026-05,18-34,Northgate,180,30.6
2026-05,35+,Northgate,320,34.1
2026-05,All adults,Northgate,500,32.8
2026-05,18-34,Crestline,180,25.6
2026-05,35+,Crestline,320,29.7
2026-05,All adults,Crestline,500,28.2
2026-06,18-34,Brightleaf,180,35.6
2026-06,35+,Brightleaf,320,38.8
2026-06,All adults,Brightleaf,500,37.6
2026-06,18-34,Northgate,180,34.4
2026-06,35+,Northgate,320,30.0
2026-06,All adults,Northgate,500,31.6
2026-06,18-34,Crestline,180,26.1
2026-06,35+,Crestline,320,28.1
2026-06,All adults,Crestline,500,27.4
2026-07,18-34,Brightleaf,180,40.0
2026-07,35+,Brightleaf,320,35.9
2026-07,All adults,Brightleaf,500,37.4
2026-07,18-34,Northgate,180,27.8
2026-07,35+,Northgate,320,31.6
2026-07,All adults,Northgate,500,30.2
2026-07,18-34,Crestline,180,27.2
2026-07,35+,Crestline,320,26.6
2026-07,All adults,Crestline,500,26.8
2026-08,18-34,Brightleaf,180,44.4
2026-08,35+,Brightleaf,320,37.8
2026-08,All adults,Brightleaf,500,40.2
2026-08,18-34,Northgate,180,28.9
2026-08,35+,Northgate,320,33.1
2026-08,All adults,Northgate,500,31.6
2026-08,18-34,Crestline,180,30.0
2026-08,35+,Crestline,320,22.2
2026-08,All adults,Crestline,500,25.0
