month,region,age_group,n,intenders
2024-01,Northeast,18-34,151,46
2024-01,Northeast,35-54,171,60
2024-01,Northeast,55+,181,43
2024-01,Midwest,18-34,186,72
2024-01,Midwest,35-54,211,67
2024-01,Midwest,55+,223,57
2024-01,South,18-34,337,124
2024-01,South,35-54,382,124
2024-01,South,55+,404,100
2024-02,Northeast,18-34,151,66
2024-02,Northeast,35-54,171,65
2024-02,Northeast,55+,181,54
2024-02,Midwest,18-34,186,79
2024-02,Midwest,35-54,211,69
2024-02,Midwest,55+,223,52
2024-02,South,18-34,337,132
2024-02,South,35-54,381,132
2024-02,South,55+,404,106
2024-03,Northeast,18-34,156,60
2024-03,Northeast,35-54,177,61
2024-03,Northeast,55+,187,48
2024-03,Midwest,18-34,192,71
2024-03,Midwest,35-54,218,79
2024-03,Midwest,55+,231,64
2024-03,South,18-34,348,154
2024-03,South,35-54,395,141
2024-03,South,55+,418,142
2024-04,Northeast,18-34,151,65
2024-04,Northeast,35-54,171,66
2024-04,Northeast,55+,182,45
2024-04,Midwest,18-34,187,76
2024-04,Midwest,35-54,212,69
2024-04,Midwest,55+,224,75
2024-04,South,18-34,338,137
2024-04,South,35-54,383,135
2024-04,South,55+,406,111
2024-05,Northeast,18-34,149,54
2024-05,Northeast,35-54,169,66
2024-05,Northeast,55+,179,54
2024-05,Midwest,18-34,184,80
2024-05,Midwest,35-54,208,68
2024-05,Midwest,55+,221,61
2024-05,South,18-34,333,148
2024-05,South,35-54,377,134
2024-05,South,55+,399,115
2024-06,Northeast,18-34,154,67
2024-06,Northeast,35-54,174,62
2024-06,Northeast,55+,184,49
2024-06,Midwest,18-34,190,74
2024-06,Midwest,35-54,215,72
2024-06,Midwest,55+,228,58
2024-06,South,18-34,344,140
2024-06,South,35-54,389,148
2024-06,South,55+,412,100
2024-07,Northeast,18-34,149,62
2024-07,Northeast,35-54,169,66
2024-07,Northeast,55+,179,46
2024-07,Midwest,18-34,184,77
2024-07,Midwest,35-54,209,81
2024-07,Midwest,55+,221,68
2024-07,South,18-34,334,127
2024-07,South,35-54,378,154
2024-07,South,55+,400,116
2024-08,Northeast,18-34,150,66
2024-08,Northeast,35-54,170,63
2024-08,Northeast,55+,180,65
2024-08,Midwest,18-34,185,62
2024-08,Midwest,35-54,210,79
2024-08,Midwest,55+,222,67
2024-08,South,18-34,335,152
2024-08,South,35-54,379,141
2024-08,South,55+,402,121
2024-09,Northeast,18-34,155,63
2024-09,Northeast,35-54,176,74
2024-09,Northeast,55+,186,61
2024-09,Midwest,18-34,192,78
2024-09,Midwest,35-54,217,79
2024-09,Midwest,55+,230,65
2024-09,South,18-34,347,169
2024-09,South,35-54,393,135
2024-09,South,55+,416,126
2024-10,Northeast,18-34,150,64
2024-10,Northeast,35-54,170,58
2024-10,Northeast,55+,179,58
2024-10,Midwest,18-34,185,81
2024-10,Midwest,35-54,209,73
2024-10,Midwest,55+,222,52
2024-10,South,18-34,334,140
2024-10,South,35-54,379,141
2024-10,South,55+,401,116
2024-11,Northeast,18-34,153,68
2024-11,Northeast,35-54,174,67
2024-11,Northeast,55+,184,63
2024-11,Midwest,18-34,189,76
2024-11,Midwest,35-54,214,84
2024-11,Midwest,55+,227,69
2024-11,South,18-34,342,181
2024-11,South,35-54,388,161
2024-11,South,55+,411,152
2024-12,Northeast,18-34,152,73
2024-12,Northeast,35-54,172,66
2024-12,Northeast,55+,182,58
2024-12,Midwest,18-34,187,80
2024-12,Midwest,35-54,212,86
2024-12,Midwest,55+,225,69
2024-12,South,18-34,339,167
2024-12,South,35-54,384,174
2024-12,South,55+,407,128
2025-01,Northeast,18-34,154,50
2025-01,Northeast,35-54,175,56
2025-01,Northeast,55+,185,47
2025-01,Midwest,18-34,190,67
2025-01,Midwest,35-54,216,63
2025-01,Midwest,55+,228,54
2025-01,South,18-34,344,138
2025-01,South,35-54,390,119
2025-01,South,55+,413,106
2025-02,Northeast,18-34,152,59
2025-02,Northeast,35-54,173,61
2025-02,Northeast,55+,183,47
2025-02,Midwest,18-34,188,82
2025-02,Midwest,35-54,213,63
2025-02,Midwest,55+,226,62
2025-02,South,18-34,340,138
2025-02,South,35-54,386,126
2025-02,South,55+,408,98
2025-03,Northeast,18-34,155,66
2025-03,Northeast,35-54,175,63
2025-03,Northeast,55+,186,65
2025-03,Midwest,18-34,191,68
2025-03,Midwest,35-54,217,68
2025-03,Midwest,55+,229,68
2025-03,South,18-34,346,145
2025-03,South,35-54,392,140
2025-03,South,55+,415,129
2025-04,Northeast,18-34,154,64
2025-04,Northeast,35-54,175,63
2025-04,Northeast,55+,185,53
2025-04,Midwest,18-34,190,71
2025-04,Midwest,35-54,216,80
2025-04,Midwest,55+,228,69
2025-04,South,18-34,345,139
2025-04,South,35-54,390,134
2025-04,South,55+,413,120
2025-05,Northeast,18-34,153,51
2025-05,Northeast,35-54,173,63
2025-05,Northeast,55+,183,48
2025-05,Midwest,18-34,188,77
2025-05,Midwest,35-54,214,72
2025-05,Midwest,55+,226,70
2025-05,South,18-34,341,154
2025-05,South,35-54,386,131
2025-05,South,55+,409,110
2025-06,Northeast,18-34,155,70
2025-06,Northeast,35-54,176,83
2025-06,Northeast,55+,187,40
2025-06,Midwest,18-34,192,66
2025-06,Midwest,35-54,218,68
2025-06,Midwest,55+,230,74
2025-06,South,18-34,347,135
2025-06,South,35-54,394,125
2025-06,South,55+,417,106
2025-07,Northeast,18-34,152,57
2025-07,Northeast,35-54,173,59
2025-07,Northeast,55+,183,52
2025-07,Midwest,18-34,188,68
2025-07,Midwest,35-54,213,82
2025-07,Midwest,55+,226,75
2025-07,South,18-34,340,158
2025-07,South,35-54,386,134
2025-07,South,55+,408,112
2025-08,Northeast,18-34,152,66
2025-08,Northeast,35-54,172,66
2025-08,Northeast,55+,182,64
2025-08,Midwest,18-34,187,80
2025-08,Midwest,35-54,212,73
2025-08,Midwest,55+,225,61
2025-08,South,18-34,339,148
2025-08,South,35-54,384,149
2025-08,South,55+,407,131
2025-09,Northeast,18-34,150,65
2025-09,Northeast,35-54,170,44
2025-09,Northeast,55+,180,63
2025-09,Midwest,18-34,185,68
2025-09,Midwest,35-54,210,77
2025-09,Midwest,55+,222,65
2025-09,South,18-34,335,153
2025-09,South,35-54,380,144
2025-09,South,55+,402,133
2025-10,Northeast,18-34,153,55
2025-10,Northeast,35-54,174,67
2025-10,Northeast,55+,184,55
2025-10,Midwest,18-34,190,75
2025-10,Midwest,35-54,215,82
2025-10,Midwest,55+,227,80
2025-10,South,18-34,343,137
2025-10,South,35-54,389,152
2025-10,South,55+,411,138
2025-11,Northeast,18-34,151,63
2025-11,Northeast,35-54,171,68
2025-11,Northeast,55+,181,58
2025-11,Midwest,18-34,187,85
2025-11,Midwest,35-54,212,74
2025-11,Midwest,55+,224,81
2025-11,South,18-34,338,167
2025-11,South,35-54,383,172
2025-11,South,55+,406,142
2025-12,Northeast,18-34,156,70
2025-12,Northeast,35-54,177,80
2025-12,Northeast,55+,187,61
2025-12,Midwest,18-34,193,66
2025-12,Midwest,35-54,218,84
2025-12,Midwest,55+,231,79
2025-12,South,18-34,349,170
2025-12,South,35-54,395,188
2025-12,South,55+,418,148
2026-01,Northeast,18-34,153,60
2026-01,Northeast,35-54,174,63
2026-01,Northeast,55+,184,53
2026-01,Midwest,18-34,189,71
2026-01,Midwest,35-54,215,66
2026-01,Midwest,55+,227,60
2026-01,South,18-34,343,126
2026-01,South,35-54,388,144
2026-01,South,55+,411,113
2026-02,Northeast,18-34,150,67
2026-02,Northeast,35-54,171,54
2026-02,Northeast,55+,181,40
2026-02,Midwest,18-34,186,77
2026-02,Midwest,35-54,211,79
2026-02,Midwest,55+,223,56
2026-02,South,18-34,336,122
2026-02,South,35-54,381,144
2026-02,South,55+,404,121
2026-03,Northeast,18-34,149,53
2026-03,Northeast,35-54,169,63
2026-03,Northeast,55+,179,53
2026-03,Midwest,18-34,184,81
2026-03,Midwest,35-54,209,87
2026-03,Midwest,55+,221,67
2026-03,South,18-34,333,149
2026-03,South,35-54,378,175
2026-03,South,55+,400,129
2026-04,Northeast,18-34,150,63
2026-04,Northeast,35-54,170,64
2026-04,Northeast,55+,180,42
2026-04,Midwest,18-34,185,82
2026-04,Midwest,35-54,210,76
2026-04,Midwest,55+,222,64
2026-04,South,18-34,335,151
2026-04,South,35-54,380,152
2026-04,South,55+,402,139
2026-05,Northeast,18-34,149,62
2026-05,Northeast,35-54,169,62
2026-05,Northeast,55+,179,51
2026-05,Midwest,18-34,184,79
2026-05,Midwest,35-54,209,72
2026-05,Midwest,55+,221,65
2026-05,South,18-34,334,157
2026-05,South,35-54,378,153
2026-05,South,55+,401,133
2026-06,Northeast,18-34,151,66
2026-06,Northeast,35-54,172,63
2026-06,Northeast,55+,182,42
2026-06,Midwest,18-34,187,80
2026-06,Midwest,35-54,212,77
2026-06,Midwest,55+,225,69
2026-06,South,18-34,339,160
2026-06,South,35-54,384,181
2026-06,South,55+,406,150
2026-07,Northeast,18-34,156,65
2026-07,Northeast,35-54,176,61
2026-07,Northeast,55+,187,57
2026-07,Midwest,18-34,192,82
2026-07,Midwest,35-54,218,82
2026-07,Midwest,55+,231,62
2026-07,South,18-34,348,166
2026-07,South,35-54,394,167
2026-07,South,55+,418,139
2026-08,Northeast,18-34,155,70
2026-08,Northeast,35-54,176,70
2026-08,Northeast,55+,186,67
2026-08,Midwest,18-34,192,81
2026-08,Midwest,35-54,217,77
2026-08,Midwest,55+,230,69
2026-08,South,18-34,347,175
2026-08,South,35-54,393,193
2026-08,South,55+,416,159
