resp_id,month,age_group,income_band,region,zip3,fielding_mode,panel_tenure_months,q_online_primary
R04600000,2026-05,35-54,<50k,West,660,ONLINE_PANEL,5,1
R04600001,2026-06,35-54,100k+,South,712,ONLINE_PANEL,25,0
R04600002,2026-06,35-54,<50k,Northeast,571,ONLINE_PANEL,21,0
R04600003,2026-04,18-24,50-100k,Northeast,250,ONLINE_PANEL,30,1
R04600004,2026-04,55+,50-100k,West,134,ONLINE_PANEL,3,0
R04600005,2026-05,25-34,<50k,South,203,ONLINE_PANEL,29,0
R04600006,2026-04,35-54,<50k,West,333,ONLINE_PANEL,27,1
R04600007,2026-05,35-54,100k+,West,217,ONLINE_PANEL,3,0
R04600008,2026-06,35-54,<50k,Northeast,169,ONLINE_PANEL,19,0
R04600009,2026-06,55+,50-100k,West,250,ONLINE_PANEL,19,0
R04600010,2026-05,55+,100k+,Midwest,631,ONLINE_PANEL,5,0
R04600011,2026-04,55+,<50k,Northeast,974,ONLINE_PANEL,17,0
R04600012,2026-06,55+,50-100k,West,957,ONLINE_PANEL,15,1
R04600013,2026-06,55+,50-100k,West,264,ONLINE_PANEL,4,1
R04600014,2026-05,35-54,<50k,West,710,ONLINE_PANEL,26,0
R04600015,2026-04,18-24,100k+,Northeast,664,ONLINE_PANEL,13,1
R04600016,2026-04,18-24,100k+,Midwest,238,ONLINE_PANEL,27,1
R04600017,2026-06,35-54,100k+,Midwest,863,ONLINE_PANEL,23,0
R04600018,2026-04,25-34,<50k,Northeast,551,ONLINE_PANEL,22,0
R04600019,2026-04,55+,100k+,Midwest,872,ONLINE_PANEL,2,1
R04600020,2026-04,55+,<50k,Midwest,978,ONLINE_PANEL,16,0
R04600021,2026-05,35-54,<50k,Northeast,926,ONLINE_PANEL,11,0
R04600022,2026-06,18-24,50-100k,West,645,ONLINE_PANEL,7,1
R04600023,2026-06,55+,<50k,Midwest,243,ONLINE_PANEL,28,0
R04600024,2026-06,35-54,100k+,West,561,ONLINE_PANEL,9,0
R04600025,2026-04,55+,50-100k,West,215,ONLINE_PANEL,1,0
R04600026,2026-04,55+,100k+,West,343,ONLINE_PANEL,12,1
R04600027,2026-04,18-24,50-100k,South,190,ONLINE_PANEL,15,0
R04600028,2026-05,55+,50-100k,South,560,ONLINE_PANEL,2,1
R04600029,2026-05,55+,50-100k,Midwest,418,ONLINE_PANEL,18,0
R04600030,2026-04,18-24,50-100k,Northeast,321,ONLINE_PANEL,22,0
R04600031,2026-05,55+,50-100k,Midwest,900,ONLINE_PANEL,12,0
R04600032,2026-06,35-54,100k+,Midwest,656,ONLINE_PANEL,4,0
R04600033,2026-04,18-24,50-100k,Northeast,622,ONLINE_PANEL,6,1
R04600034,2026-05,35-54,50-100k,West,916,ONLINE_PANEL,28,1
R04600035,2026-04,55+,100k+,Midwest,680,ONLINE_PANEL,11,0
R04600036,2026-04,25-34,50-100k,West,487,ONLINE_PANEL,2,0
R04600037,2026-04,25-34,100k+,Northeast,717,ONLINE_PANEL,18,1
R04600038,2026-05,18-24,50-100k,West,625,ONLINE_PANEL,17,1
R04600039,2026-05,35-54,<50k,South,391,ONLINE_PANEL,29,1
R04600040,2026-05,25-34,100k+,Northeast,842,ONLINE_PANEL,25,1
R04600041,2026-05,55+,<50k,West,319,ONLINE_PANEL,26,0
R04600042,2026-04,18-24,50-100k,South,576,ONLINE_PANEL,25,1
R04600043,2026-04,35-54,100k+,Midwest,878,ONLINE_PANEL,18,0
R04600044,2026-06,35-54,<50k,West,618,ONLINE_PANEL,24,0
R04600045,2026-05,55+,<50k,Midwest,122,ONLINE_PANEL,7,1
R04600046,2026-06,55+,50-100k,Midwest,892,ONLINE_PANEL,30,0
R04600047,2026-04,55+,50-100k,South,176,ONLINE_PANEL,30,0
R04600048,2026-05,35-54,100k+,Midwest,525,ONLINE_PANEL,8,0
R04600049,2026-04,18-24,50-100k,Midwest,409,ONLINE_PANEL,18,1
R04600050,2026-04,25-34,<50k,Northeast,107,ONLINE_PANEL,18,0
R04600051,2026-05,25-34,100k+,West,757,ONLINE_PANEL,19,1
R04600052,2026-04,55+,100k+,West,318,ONLINE_PANEL,19,1
R04600053,2026-04,25-34,<50k,Midwest,971,ONLINE_PANEL,24,0
R04600054,2026-04,18-24,100k+,Northeast,965,ONLINE_PANEL,7,1
R04600055,2026-05,35-54,50-100k,Midwest,708,ONLINE_PANEL,12,0
R04600056,2026-06,55+,<50k,South,358,ONLINE_PANEL,12,0
R04600057,2026-06,55+,<50k,Northeast,813,ONLINE_PANEL,23,1
R04600058,2026-06,35-54,<50k,Midwest,117,ONLINE_PANEL,6,0
R04600059,2026-05,25-34,50-100k,Midwest,229,ONLINE_PANEL,10,0
R04600060,2026-04,18-24,100k+,Northeast,465,ONLINE_PANEL,3,1
R04600061,2026-05,55+,50-100k,Midwest,922,ONLINE_PANEL,10,0
R04600062,2026-05,35-54,<50k,Northeast,617,ONLINE_PANEL,9,1
R04600063,2026-06,25-34,100k+,Midwest,725,ONLINE_PANEL,20,0
R04600064,2026-05,35-54,100k+,Midwest,283,ONLINE_PANEL,17,0
R04600065,2026-06,35-54,50-100k,Northeast,128,ONLINE_PANEL,30,0
R04600066,2026-05,25-34,100k+,Midwest,664,ONLINE_PANEL,6,0
R04600067,2026-04,35-54,<50k,Northeast,239,ONLINE_PANEL,18,0
R04600068,2026-05,35-54,50-100k,Midwest,208,ONLINE_PANEL,16,1
R04600069,2026-05,35-54,50-100k,South,986,ONLINE_PANEL,22,0
R04600070,2026-04,25-34,50-100k,South,250,ONLINE_PANEL,20,0
R04600071,2026-05,35-54,<50k,Northeast,823,ONLINE_PANEL,5,1
R04600072,2026-05,35-54,50-100k,Midwest,661,ONLINE_PANEL,12,1
R04600073,2026-04,55+,50-100k,West,177,ONLINE_PANEL,5,0
R04600074,2026-06,55+,100k+,Northeast,776,ONLINE_PANEL,4,0
R04600075,2026-04,18-24,100k+,West,499,ONLINE_PANEL,10,0
R04600076,2026-05,55+,50-100k,Northeast,469,ONLINE_PANEL,20,1
R04600077,2026-04,35-54,50-100k,West,786,ONLINE_PANEL,28,1
R04600078,2026-05,25-34,50-100k,West,623,ONLINE_PANEL,4,0
R04600079,2026-05,35-54,50-100k,South,829,ONLINE_PANEL,26,0
R04600080,2026-05,55+,100k+,South,903,ONLINE_PANEL,14,0
R04600081,2026-04,55+,100k+,Northeast,271,ONLINE_PANEL,14,1
R04600082,2026-04,35-54,50-100k,South,374,ONLINE_PANEL,1,0
R04600083,2026-04,25-34,<50k,South,756,ONLINE_PANEL,12,0
R04600084,2026-06,35-54,50-100k,West,645,ONLINE_PANEL,2,0
R04600085,2026-04,35-54,<50k,West,371,ONLINE_PANEL,19,0
R04600086,2026-04,35-54,<50k,West,423,ONLINE_PANEL,4,1
R04600087,2026-05,55+,50-100k,West,800,ONLINE_PANEL,9,0
R04600088,2026-06,35-54,100k+,Midwest,504,ONLINE_PANEL,28,1
R04600089,2026-05,35-54,50-100k,Northeast,725,ONLINE_PANEL,30,0
R04600090,2026-04,35-54,50-100k,South,821,ONLINE_PANEL,18,1
R04600091,2026-04,18-24,50-100k,Northeast,671,ONLINE_PANEL,2,0
R04600092,2026-05,55+,50-100k,Midwest,823,ONLINE_PANEL,4,1
R04600093,2026-04,55+,50-100k,South,535,ONLINE_PANEL,15,0
R04600094,2026-05,35-54,100k+,Midwest,231,ONLINE_PANEL,30,1
R04600095,2026-06,35-54,50-100k,South,586,ONLINE_PANEL,9,0
R04600096,2026-05,25-34,<50k,West,962,ONLINE_PANEL,21,1
R04600097,2026-06,35-54,50-100k,Midwest,446,ONLINE_PANEL,26,0
R04600098,2026-04,55+,50-100k,Midwest,524,ONLINE_PANEL,19,1
R04600099,2026-05,25-34,100k+,West,863,ONLINE_PANEL,25,1
R04600100,2026-04,55+,<50k,Northeast,884,ONLINE_PANEL,12,0
R04600101,2026-04,25-34,100k+,West,959,ONLINE_PANEL,10,0
R04600102,2026-05,35-54,<50k,West,185,ONLINE_PANEL,21,0
R04600103,2026-04,35-54,<50k,West,744,ONLINE_PANEL,23,1
R04600104,2026-04,55+,50-100k,South,190,ONLINE_PANEL,3,0
R04600105,2026-04,18-24,50-100k,South,499,ONLINE_PANEL,26,1
R04600106,2026-04,55+,100k+,Northeast,417,ONLINE_PANEL,3,1
R04600107,2026-06,35-54,50-100k,South,801,ONLINE_PANEL,17,0
R04600108,2026-04,55+,100k+,Midwest,136,ONLINE_PANEL,15,0
R04600109,2026-05,35-54,100k+,Midwest,459,ONLINE_PANEL,15,0
R04600110,2026-06,55+,<50k,West,660,ONLINE_PANEL,8,0
R04600111,2026-06,18-24,100k+,Midwest,191,ONLINE_PANEL,24,1
R04600112,2026-05,25-34,<50k,Midwest,679,ONLINE_PANEL,18,0
R04600113,2026-04,25-34,100k+,Northeast,265,ONLINE_PANEL,19,1
R04600114,2026-05,18-24,50-100k,Midwest,768,ONLINE_PANEL,10,0
R04600115,2026-06,25-34,100k+,Midwest,665,ONLINE_PANEL,27,1
R04600116,2026-05,55+,50-100k,West,437,ONLINE_PANEL,29,0
R04600117,2026-05,25-34,<50k,South,379,ONLINE_PANEL,23,0
R04600118,2026-06,35-54,100k+,South,108,ONLINE_PANEL,19,1
R04600119,2026-06,18-24,<50k,West,616,ONLINE_PANEL,4,0
R04600120,2026-04,35-54,<50k,South,771,ONLINE_PANEL,18,0
R04600121,2026-05,35-54,100k+,Midwest,791,ONLINE_PANEL,21,0
R04600122,2026-04,18-24,<50k,Midwest,962,ONLINE_PANEL,30,0
R04600123,2026-04,55+,50-100k,Northeast,431,ONLINE_PANEL,26,0
R04600124,2026-04,55+,100k+,South,343,ONLINE_PANEL,6,0
R04600125,2026-04,55+,50-100k,Northeast,488,ONLINE_PANEL,23,1
R04600126,2026-06,25-34,50-100k,West,498,ONLINE_PANEL,20,0
R04600127,2026-05,18-24,100k+,South,591,ONLINE_PANEL,26,1
R04600128,2026-04,35-54,50-100k,West,267,ONLINE_PANEL,16,0
R04600129,2026-04,35-54,100k+,Midwest,820,ONLINE_PANEL,19,0
R04600130,2026-06,25-34,100k+,West,474,ONLINE_PANEL,6,1
R04600131,2026-06,55+,<50k,Northeast,324,ONLINE_PANEL,7,0
R04600132,2026-04,25-34,<50k,West,851,ONLINE_PANEL,9,0
R04600133,2026-05,55+,<50k,Midwest,481,ONLINE_PANEL,13,1
R04600134,2026-05,55+,100k+,South,504,ONLINE_PANEL,6,0
R04600135,2026-05,55+,100k+,West,436,ONLINE_PANEL,13,0
R04600136,2026-04,25-34,100k+,West,377,ONLINE_PANEL,8,0
R04600137,2026-05,55+,50-100k,Midwest,699,ONLINE_PANEL,8,0
R04600138,2026-04,25-34,50-100k,Northeast,553,ONLINE_PANEL,13,0
R04600139,2026-06,55+,50-100k,West,563,ONLINE_PANEL,13,0
R04600140,2026-04,35-54,50-100k,West,179,ONLINE_PANEL,18,0
R04600141,2026-04,55+,50-100k,Midwest,568,ONLINE_PANEL,6,0
R04600142,2026-04,25-34,<50k,South,626,ONLINE_PANEL,10,0
R04600143,2026-05,55+,50-100k,South,838,ONLINE_PANEL,11,0
R04600144,2026-05,35-54,50-100k,South,358,ONLINE_PANEL,18,1
R04600145,2026-05,35-54,50-100k,West,760,ONLINE_PANEL,18,1
R04600146,2026-04,35-54,100k+,Midwest,865,ONLINE_PANEL,13,0
R04600147,2026-05,35-54,<50k,Midwest,441,ONLINE_PANEL,3,0
R04600148,2026-04,55+,50-100k,South,803,ONLINE_PANEL,15,0
R04600149,2026-04,55+,50-100k,Midwest,970,ONLINE_PANEL,1,0
R04600150,2026-05,35-54,100k+,Northeast,795,ONLINE_PANEL,25,0
R04600151,2026-04,25-34,100k+,Midwest,108,ONLINE_PANEL,21,1
R04600152,2026-06,35-54,50-100k,South,903,ONLINE_PANEL,16,0
R04600153,2026-06,55+,<50k,South,384,ONLINE_PANEL,7,0
R04600154,2026-05,18-24,50-100k,South,378,ONLINE_PANEL,28,0
R04600155,2026-06,35-54,<50k,Midwest,153,ONLINE_PANEL,6,0
R04600156,2026-06,25-34,100k+,Northeast,769,ONLINE_PANEL,16,1
R04600157,2026-05,55+,100k+,Midwest,234,ONLINE_PANEL,30,1
R04600158,2026-06,35-54,50-100k,Northeast,655,ONLINE_PANEL,11,1
R04600159,2026-04,35-54,<50k,South,619,ONLINE_PANEL,1,0
R04600160,2026-06,55+,<50k,Northeast,589,ONLINE_PANEL,25,0
R04600161,2026-05,55+,<50k,South,156,ONLINE_PANEL,16,0
R04600162,2026-05,35-54,<50k,South,382,ONLINE_PANEL,29,0
R04600163,2026-06,55+,100k+,Northeast,278,ONLINE_PANEL,30,0
R04600164,2026-04,55+,<50k,South,749,ONLINE_PANEL,13,0
R04600165,2026-06,55+,50-100k,Midwest,899,ONLINE_PANEL,11,0
R04600166,2026-05,55+,50-100k,Northeast,649,ONLINE_PANEL,4,0
R04600167,2026-05,25-34,50-100k,Midwest,283,ONLINE_PANEL,17,1
R04600168,2026-05,35-54,50-100k,West,617,ONLINE_PANEL,1,0
R04600169,2026-04,55+,50-100k,South,480,ONLINE_PANEL,21,1
R04600170,2026-05,25-34,100k+,Midwest,391,ONLINE_PANEL,14,1
R04600171,2026-04,25-34,<50k,Northeast,859,ONLINE_PANEL,15,0
R04600172,2026-06,35-54,<50k,West,220,ONLINE_PANEL,27,0
R04600173,2026-04,25-34,<50k,Northeast,845,ONLINE_PANEL,1,1
R04600174,2026-05,35-54,50-100k,Northeast,644,ONLINE_PANEL,6,1
R04600175,2026-05,55+,<50k,South,123,ONLINE_PANEL,14,1
R04600176,2026-06,55+,<50k,West,404,ONLINE_PANEL,11,0
R04600177,2026-04,55+,100k+,Midwest,559,ONLINE_PANEL,27,0
R04600178,2026-05,55+,<50k,Midwest,223,ONLINE_PANEL,17,1
R04600179,2026-04,25-34,50-100k,West,583,ONLINE_PANEL,21,0
R04600180,2026-05,55+,50-100k,Midwest,634,ONLINE_PANEL,24,0
R04600181,2026-04,35-54,<50k,Midwest,443,ONLINE_PANEL,8,1
R04600182,2026-04,55+,100k+,West,235,ONLINE_PANEL,13,0
R04600183,2026-04,55+,100k+,Midwest,948,ONLINE_PANEL,8,1
R04600184,2026-06,25-34,<50k,West,575,ONLINE_PANEL,23,1
R04600185,2026-05,55+,<50k,Northeast,753,ONLINE_PANEL,16,1
R04600186,2026-05,35-54,50-100k,Northeast,271,ONLINE_PANEL,29,1
R04600187,2026-05,55+,<50k,West,537,ONLINE_PANEL,6,0
R04600188,2026-04,35-54,50-100k,South,646,ONLINE_PANEL,24,0
R04600189,2026-04,55+,100k+,West,710,ONLINE_PANEL,21,0
R04600190,2026-05,55+,100k+,South,877,ONLINE_PANEL,2,1
R04600191,2026-05,25-34,100k+,West,368,ONLINE_PANEL,24,1
R04600192,2026-05,55+,<50k,Midwest,644,ONLINE_PANEL,1,1
R04600193,2026-05,35-54,100k+,Northeast,138,ONLINE_PANEL,26,0
R04600194,2026-06,35-54,100k+,South,627,ONLINE_PANEL,28,0
R04600195,2026-06,35-54,100k+,West,682,ONLINE_PANEL,15,0
R04600196,2026-04,25-34,<50k,Midwest,697,ONLINE_PANEL,12,0
R04600197,2026-06,55+,<50k,Northeast,759,ONLINE_PANEL,29,0
R04600198,2026-05,35-54,100k+,South,369,ONLINE_PANEL,12,1
R04600199,2026-06,35-54,50-100k,West,768,ONLINE_PANEL,5,1
R04600200,2026-04,55+,50-100k,South,932,ONLINE_PANEL,27,0
R04600201,2026-04,35-54,100k+,West,751,ONLINE_PANEL,9,1
R04600202,2026-06,55+,50-100k,Midwest,464,ONLINE_PANEL,5,0
R04600203,2026-04,55+,100k+,Northeast,534,ONLINE_PANEL,27,0
R04600204,2026-04,55+,50-100k,Midwest,899,ONLINE_PANEL,23,0
R04600205,2026-04,55+,50-100k,West,315,ONLINE_PANEL,26,0
R04600206,2026-04,18-24,50-100k,Northeast,630,ONLINE_PANEL,23,0
R04600207,2026-04,25-34,100k+,West,600,ONLINE_PANEL,5,1
R04600208,2026-05,35-54,50-100k,Midwest,332,ONLINE_PANEL,19,1
R04600209,2026-04,35-54,100k+,Northeast,708,ONLINE_PANEL,4,1
R04600210,2026-05,55+,50-100k,West,848,ONLINE_PANEL,20,1
R04600211,2026-05,55+,50-100k,South,310,ONLINE_PANEL,10,0
R04600212,2026-04,55+,100k+,South,904,ONLINE_PANEL,13,0
R04600213,2026-06,18-24,100k+,Midwest,522,ONLINE_PANEL,25,0
R04600214,2026-06,35-54,100k+,South,645,ONLINE_PANEL,1,0
R04600215,2026-04,35-54,100k+,South,426,ONLINE_PANEL,3,1
R04600216,2026-04,35-54,100k+,Northeast,621,ONLINE_PANEL,7,1
R04600217,2026-05,35-54,100k+,Northeast,267,ONLINE_PANEL,12,1
R04600218,2026-05,55+,100k+,Midwest,664,ONLINE_PANEL,16,0
R04600219,2026-04,35-54,<50k,West,464,ONLINE_PANEL,22,0
R04600220,2026-04,25-34,<50k,South,479,ONLINE_PANEL,2,1
R04600221,2026-05,55+,<50k,Midwest,956,ONLINE_PANEL,12,0
R04600222,2026-04,18-24,50-100k,Midwest,155,ONLINE_PANEL,23,0
R04600223,2026-04,25-34,<50k,Midwest,786,ONLINE_PANEL,8,1
R04600224,2026-06,25-34,100k+,Midwest,498,ONLINE_PANEL,1,0
R04600225,2026-04,55+,<50k,Midwest,663,ONLINE_PANEL,25,0
R04600226,2026-04,18-24,50-100k,West,497,ONLINE_PANEL,21,0
R04600227,2026-05,55+,50-100k,Midwest,212,ONLINE_PANEL,27,0
R04600228,2026-06,18-24,50-100k,Northeast,475,ONLINE_PANEL,23,1
R04600229,2026-06,35-54,<50k,West,528,ONLINE_PANEL,28,0
R04600230,2026-04,25-34,100k+,West,444,ONLINE_PANEL,15,1
R04600231,2026-04,55+,<50k,South,162,ONLINE_PANEL,26,1
R04600232,2026-06,55+,50-100k,South,954,ONLINE_PANEL,6,0
R04600233,2026-05,55+,100k+,Northeast,192,ONLINE_PANEL,22,0
R04600234,2026-06,25-34,<50k,Midwest,129,ONLINE_PANEL,12,1
R04600235,2026-04,35-54,100k+,Midwest,281,ONLINE_PANEL,9,1
R04600236,2026-04,35-54,<50k,Northeast,675,ONLINE_PANEL,26,1
R04600237,2026-04,35-54,<50k,Northeast,404,ONLINE_PANEL,10,0
R04600238,2026-04,35-54,100k+,Midwest,700,ONLINE_PANEL,22,0
R04600239,2026-05,35-54,50-100k,West,480,ONLINE_PANEL,18,1
R04600240,2026-06,25-34,100k+,Northeast,569,ONLINE_PANEL,7,1
R04600241,2026-05,55+,<50k,West,395,ONLINE_PANEL,22,1
R04600242,2026-04,18-24,50-100k,West,556,ONLINE_PANEL,29,0
R04600243,2026-06,55+,100k+,South,263,ONLINE_PANEL,30,0
R04600244,2026-06,55+,50-100k,West,793,ONLINE_PANEL,1,0
R04600245,2026-05,35-54,100k+,Northeast,397,ONLINE_PANEL,8,1
R04600246,2026-05,35-54,50-100k,West,155,ONLINE_PANEL,22,1
R04600247,2026-05,18-24,<50k,West,248,ONLINE_PANEL,21,0
R04600248,2026-04,25-34,50-100k,West,292,ONLINE_PANEL,2,0
R04600249,2026-04,35-54,<50k,Northeast,233,ONLINE_PANEL,27,0
R04600250,2026-06,18-24,100k+,Northeast,212,ONLINE_PANEL,23,1
R04600251,2026-06,35-54,<50k,Northeast,418,ONLINE_PANEL,7,0
R04600252,2026-05,35-54,100k+,South,411,ONLINE_PANEL,5,1
R04600253,2026-05,55+,<50k,Northeast,960,ONLINE_PANEL,10,0
R04600254,2026-06,55+,100k+,Northeast,828,ONLINE_PANEL,21,0
R04600255,2026-04,35-54,50-100k,Midwest,319,ONLINE_PANEL,20,0
R04600256,2026-04,35-54,100k+,Northeast,500,ONLINE_PANEL,26,1
R04600257,2026-05,55+,<50k,Northeast,402,ONLINE_PANEL,22,0
R04600258,2026-06,18-24,50-100k,Northeast,799,ONLINE_PANEL,19,1
R04600259,2026-05,18-24,50-100k,Northeast,799,ONLINE_PANEL,10,0
R04600260,2026-04,18-24,50-100k,Northeast,226,ONLINE_PANEL,11,1
R04600261,2026-05,55+,<50k,West,701,ONLINE_PANEL,19,1
R04600262,2026-04,18-24,50-100k,South,180,ONLINE_PANEL,6,0
R04600263,2026-06,25-34,50-100k,South,248,ONLINE_PANEL,30,1
R04600264,2026-04,35-54,50-100k,Midwest,513,ONLINE_PANEL,30,1
R04600265,2026-04,35-54,<50k,Midwest,731,ONLINE_PANEL,19,0
R04600266,2026-05,35-54,<50k,West,861,ONLINE_PANEL,16,1
R04600267,2026-04,35-54,100k+,Midwest,589,ONLINE_PANEL,25,0
R04600268,2026-05,35-54,100k+,West,289,ONLINE_PANEL,20,0
R04600269,2026-06,18-24,100k+,Midwest,983,ONLINE_PANEL,3,1
R04600270,2026-04,55+,50-100k,Northeast,381,ONLINE_PANEL,21,0
R04600271,2026-04,55+,100k+,Northeast,227,ONLINE_PANEL,11,0
R04600272,2026-06,35-54,100k+,West,757,ONLINE_PANEL,27,0
R04600273,2026-06,55+,50-100k,Northeast,962,ONLINE_PANEL,19,0
R04600274,2026-05,18-24,100k+,West,348,ONLINE_PANEL,1,0
R04600275,2026-04,55+,50-100k,West,773,ONLINE_PANEL,15,0
R04600276,2026-05,35-54,100k+,Northeast,853,ONLINE_PANEL,9,0
R04600277,2026-05,25-34,50-100k,South,267,ONLINE_PANEL,25,0
R04600278,2026-04,55+,<50k,West,765,ONLINE_PANEL,19,0
R04600279,2026-05,25-34,<50k,Northeast,262,ONLINE_PANEL,15,1
R04600280,2026-05,55+,100k+,Northeast,387,ONLINE_PANEL,19,0
R04600281,2026-05,55+,100k+,Midwest,492,ONLINE_PANEL,16,0
R04600282,2026-04,35-54,<50k,South,553,ONLINE_PANEL,16,0
R04600283,2026-06,35-54,100k+,Northeast,811,ONLINE_PANEL,8,1
R04600284,2026-04,35-54,<50k,Northeast,489,ONLINE_PANEL,26,1
R04600285,2026-05,35-54,50-100k,Midwest,771,ONLINE_PANEL,30,0
R04600286,2026-04,55+,<50k,Midwest,387,ONLINE_PANEL,17,0
R04600287,2026-06,35-54,50-100k,Midwest,922,ONLINE_PANEL,7,0
R04600288,2026-06,25-34,<50k,South,123,ONLINE_PANEL,19,0
R04600289,2026-05,55+,50-100k,South,418,ONLINE_PANEL,25,0
R04600290,2026-05,18-24,100k+,West,570,ONLINE_PANEL,8,0
R04600291,2026-06,18-24,<50k,Midwest,116,ONLINE_PANEL,20,1
R04600292,2026-06,35-54,<50k,Northeast,635,ONLINE_PANEL,7,0
R04600293,2026-04,55+,100k+,South,641,ONLINE_PANEL,9,0
R04600294,2026-05,35-54,100k+,West,336,ONLINE_PANEL,28,0
R04600295,2026-04,35-54,50-100k,Midwest,326,ONLINE_PANEL,26,1
R04600296,2026-06,55+,<50k,West,913,ONLINE_PANEL,6,0
R04600297,2026-04,18-24,<50k,West,425,ONLINE_PANEL,2,0
R04600298,2026-05,18-24,100k+,Northeast,295,ONLINE_PANEL,6,0
R04600299,2026-04,55+,50-100k,South,365,ONLINE_PANEL,6,0
R04600300,2026-04,55+,50-100k,Northeast,247,ONLINE_PANEL,24,0
R04600301,2026-06,18-24,50-100k,Northeast,840,ONLINE_PANEL,14,1
R04600302,2026-04,35-54,100k+,Midwest,534,ONLINE_PANEL,28,0
R04600303,2026-04,35-54,100k+,West,132,ONLINE_PANEL,3,0
R04600304,2026-06,55+,50-100k,West,675,ONLINE_PANEL,3,0
R04600305,2026-05,18-24,50-100k,South,482,ONLINE_PANEL,4,0
R04600306,2026-05,55+,100k+,West,239,ONLINE_PANEL,25,0
R04600307,2026-05,18-24,50-100k,Northeast,918,ONLINE_PANEL,28,0
R04600308,2026-05,18-24,<50k,Northeast,909,ONLINE_PANEL,14,1
R04600309,2026-05,55+,50-100k,South,323,ONLINE_PANEL,13,0
R04600310,2026-06,35-54,100k+,Northeast,328,ONLINE_PANEL,8,0
R04600311,2026-06,55+,<50k,South,397,ONLINE_PANEL,9,0
R04600312,2026-05,25-34,100k+,Northeast,285,ONLINE_PANEL,14,1
R04600313,2026-04,25-34,100k+,South,597,ONLINE_PANEL,26,1
R04600314,2026-06,55+,50-100k,West,320,ONLINE_PANEL,13,1
R04600315,2026-05,25-34,100k+,West,784,ONLINE_PANEL,12,0
R04600316,2026-05,35-54,100k+,West,222,ONLINE_PANEL,26,0
R04600317,2026-06,55+,<50k,South,219,ONLINE_PANEL,29,0
R04600318,2026-04,55+,<50k,Midwest,536,ONLINE_PANEL,28,0
R04600319,2026-04,18-24,<50k,Northeast,851,ONLINE_PANEL,25,1
R04600320,2026-04,55+,50-100k,Northeast,785,ONLINE_PANEL,27,0
R04600321,2026-05,25-34,<50k,West,403,ONLINE_PANEL,18,1
R04600322,2026-05,55+,<50k,Midwest,910,ONLINE_PANEL,4,0
R04600323,2026-05,18-24,<50k,South,267,ONLINE_PANEL,7,1
R04600324,2026-06,25-34,<50k,Midwest,647,ONLINE_PANEL,2,0
R04600325,2026-04,25-34,50-100k,South,581,ONLINE_PANEL,12,0
R04600326,2026-06,25-34,<50k,Midwest,534,ONLINE_PANEL,6,0
R04600327,2026-06,35-54,100k+,Northeast,306,ONLINE_PANEL,11,0
R04600328,2026-06,55+,100k+,Midwest,264,ONLINE_PANEL,13,1
R04600329,2026-05,25-34,<50k,Northeast,182,ONLINE_PANEL,19,0
R04600330,2026-04,25-34,<50k,Midwest,781,ONLINE_PANEL,14,0
R04600331,2026-06,55+,100k+,West,335,ONLINE_PANEL,28,1
R04600332,2026-04,35-54,100k+,Northeast,824,ONLINE_PANEL,6,0
R04600333,2026-05,35-54,<50k,Northeast,694,ONLINE_PANEL,9,0
R04600334,2026-05,55+,<50k,South,719,ONLINE_PANEL,7,0
R04600335,2026-05,25-34,100k+,Northeast,727,ONLINE_PANEL,10,0
R04600336,2026-06,55+,100k+,South,502,ONLINE_PANEL,28,1
R04600337,2026-04,25-34,<50k,Midwest,438,ONLINE_PANEL,17,0
R04600338,2026-04,55+,<50k,Northeast,713,ONLINE_PANEL,3,0
R04600339,2026-04,35-54,50-100k,South,198,ONLINE_PANEL,27,0
R04600340,2026-06,55+,50-100k,Midwest,784,ONLINE_PANEL,9,0
R04600341,2026-04,25-34,100k+,Northeast,104,ONLINE_PANEL,16,1
R04600342,2026-04,55+,<50k,Northeast,496,ONLINE_PANEL,28,0
R04600343,2026-06,55+,100k+,West,811,ONLINE_PANEL,16,0
R04600344,2026-05,35-54,100k+,Northeast,276,ONLINE_PANEL,4,0
R04600345,2026-04,25-34,50-100k,Midwest,133,ONLINE_PANEL,21,0
R04600346,2026-06,35-54,<50k,Northeast,997,ONLINE_PANEL,21,0
R04600347,2026-06,55+,50-100k,Midwest,749,ONLINE_PANEL,25,0
R04600348,2026-04,18-24,<50k,Midwest,922,ONLINE_PANEL,27,0
R04600349,2026-05,18-24,100k+,Midwest,717,ONLINE_PANEL,12,1
R04600350,2026-06,25-34,100k+,South,317,ONLINE_PANEL,1,1
R04600351,2026-05,25-34,50-100k,West,453,ONLINE_PANEL,4,0
R04600352,2026-05,25-34,50-100k,South,900,ONLINE_PANEL,10,1
R04600353,2026-04,18-24,50-100k,Midwest,272,ONLINE_PANEL,20,0
R04600354,2026-05,35-54,<50k,South,635,ONLINE_PANEL,25,0
R04600355,2026-04,55+,50-100k,South,294,ONLINE_PANEL,18,1
R04600356,2026-05,25-34,<50k,South,309,ONLINE_PANEL,11,1
R04600357,2026-05,25-34,<50k,Northeast,328,ONLINE_PANEL,17,0
R04600358,2026-05,18-24,50-100k,South,138,ONLINE_PANEL,24,1
R04600359,2026-04,18-24,<50k,South,508,ONLINE_PANEL,16,0
R04600360,2026-04,55+,100k+,Northeast,786,ONLINE_PANEL,26,1
R04600361,2026-06,25-34,50-100k,West,201,ONLINE_PANEL,6,0
R04600362,2026-04,55+,<50k,West,266,ONLINE_PANEL,8,0
R04600363,2026-04,35-54,<50k,West,109,ONLINE_PANEL,19,1
R04600364,2026-04,55+,<50k,Midwest,565,ONLINE_PANEL,11,0
R04600365,2026-04,35-54,100k+,Midwest,538,ONLINE_PANEL,26,1
R04600366,2026-06,25-34,<50k,Northeast,937,ONLINE_PANEL,22,1
R04600367,2026-06,55+,<50k,Northeast,417,ONLINE_PANEL,27,1
R04600368,2026-04,35-54,100k+,South,224,ONLINE_PANEL,20,1
R04600369,2026-05,35-54,<50k,West,271,ONLINE_PANEL,8,0
R04600370,2026-06,55+,100k+,Northeast,172,ONLINE_PANEL,20,0
R04600371,2026-04,35-54,<50k,West,360,ONLINE_PANEL,7,1
R04600372,2026-04,35-54,50-100k,Midwest,240,ONLINE_PANEL,5,1
R04600373,2026-06,55+,100k+,West,778,ONLINE_PANEL,28,1
R04600374,2026-06,55+,100k+,West,503,ONLINE_PANEL,20,0
R04600375,2026-04,55+,<50k,Northeast,429,ONLINE_PANEL,15,0
R04600376,2026-04,18-24,50-100k,South,388,ONLINE_PANEL,27,1
R04600377,2026-04,35-54,50-100k,South,975,ONLINE_PANEL,25,0
R04600378,2026-06,35-54,50-100k,South,753,ONLINE_PANEL,24,0
R04600379,2026-05,55+,50-100k,South,564,ONLINE_PANEL,25,1
R04600380,2026-06,18-24,100k+,Midwest,337,ONLINE_PANEL,26,1
R04600381,2026-06,55+,100k+,Midwest,603,ONLINE_PANEL,11,1
R04600382,2026-05,35-54,<50k,Northeast,369,ONLINE_PANEL,18,0
R04600383,2026-04,35-54,<50k,Northeast,484,ONLINE_PANEL,13,1
R04600384,2026-04,18-24,50-100k,Northeast,613,ONLINE_PANEL,4,0
R04600385,2026-04,55+,50-100k,Midwest,310,ONLINE_PANEL,17,0
R04600386,2026-05,25-34,100k+,Northeast,171,ONLINE_PANEL,11,1
R04600387,2026-06,55+,50-100k,Northeast,247,ONLINE_PANEL,18,0
R04600388,2026-06,55+,<50k,West,331,ONLINE_PANEL,28,1
R04600389,2026-05,55+,<50k,South,533,ONLINE_PANEL,26,1
R04600390,2026-06,55+,<50k,South,620,ONLINE_PANEL,30,0
R04600391,2026-05,25-34,50-100k,South,689,ONLINE_PANEL,9,0
R04600392,2026-04,55+,100k+,Midwest,678,ONLINE_PANEL,5,1
R04600393,2026-05,55+,50-100k,West,603,ONLINE_PANEL,21,0
R04600394,2026-04,35-54,100k+,West,397,ONLINE_PANEL,2,0
R04600395,2026-04,18-24,50-100k,South,534,ONLINE_PANEL,24,1
R04600396,2026-06,18-24,100k+,West,512,ONLINE_PANEL,12,1
R04600397,2026-05,35-54,<50k,South,693,ONLINE_PANEL,20,1
R04600398,2026-06,55+,<50k,Northeast,778,ONLINE_PANEL,27,1
R04600399,2026-04,25-34,50-100k,Midwest,177,ONLINE_PANEL,26,1
R04600400,2026-06,18-24,<50k,Northeast,612,ONLINE_PANEL,28,0
R04600401,2026-05,35-54,100k+,West,600,ONLINE_PANEL,2,1
R04600402,2026-06,18-24,<50k,West,196,ONLINE_PANEL,5,1
R04600403,2026-04,35-54,100k+,South,647,ONLINE_PANEL,26,0
R04600404,2026-06,25-34,50-100k,West,105,ONLINE_PANEL,13,1
R04600405,2026-04,55+,100k+,West,512,ONLINE_PANEL,17,1
R04600406,2026-06,25-34,50-100k,Northeast,477,ONLINE_PANEL,13,0
R04600407,2026-05,25-34,100k+,West,562,ONLINE_PANEL,8,0
R04600408,2026-06,18-24,50-100k,West,956,ONLINE_PANEL,14,0
R04600409,2026-04,55+,<50k,West,700,ONLINE_PANEL,24,1
R04600410,2026-06,55+,50-100k,Midwest,936,ONLINE_PANEL,22,0
R04600411,2026-04,25-34,100k+,South,509,ONLINE_PANEL,16,0
R04600412,2026-06,35-54,50-100k,Midwest,238,ONLINE_PANEL,22,1
R04600413,2026-04,35-54,50-100k,West,607,ONLINE_PANEL,21,0
R04600414,2026-04,18-24,<50k,South,977,ONLINE_PANEL,11,0
R04600415,2026-06,25-34,100k+,West,423,ONLINE_PANEL,11,0
R04600416,2026-06,35-54,50-100k,South,778,ONLINE_PANEL,15,0
R04600417,2026-05,35-54,100k+,West,235,ONLINE_PANEL,5,0
R04600418,2026-04,55+,100k+,South,489,ONLINE_PANEL,6,1
R04600419,2026-06,55+,50-100k,Northeast,155,ONLINE_PANEL,14,1
R04600420,2026-05,55+,<50k,West,696,ONLINE_PANEL,28,0
R04600421,2026-06,55+,50-100k,South,553,ONLINE_PANEL,24,0
R04600422,2026-04,35-54,50-100k,Northeast,888,ONLINE_PANEL,28,0
R04600423,2026-04,18-24,50-100k,Northeast,337,ONLINE_PANEL,29,0
R04600424,2026-04,18-24,<50k,Midwest,899,ONLINE_PANEL,20,0
R04600425,2026-06,55+,50-100k,South,926,ONLINE_PANEL,10,0
R04600426,2026-06,35-54,<50k,Midwest,835,ONLINE_PANEL,18,1
R04600427,2026-04,18-24,50-100k,Midwest,491,ONLINE_PANEL,28,1
R04600428,2026-05,55+,<50k,South,982,ONLINE_PANEL,23,1
R04600429,2026-06,18-24,50-100k,West,948,ONLINE_PANEL,15,0
R04600430,2026-04,55+,<50k,South,612,ONLINE_PANEL,30,0
R04600431,2026-04,55+,100k+,Northeast,620,ONLINE_PANEL,17,0
R04600432,2026-06,55+,<50k,Northeast,322,ONLINE_PANEL,26,0
R04600433,2026-04,55+,100k+,Northeast,700,ONLINE_PANEL,5,0
R04600434,2026-06,18-24,50-100k,South,329,ONLINE_PANEL,2,0
R04600435,2026-04,25-34,50-100k,West,821,ONLINE_PANEL,19,0
R04600436,2026-04,35-54,<50k,South,641,ONLINE_PANEL,8,0
R04600437,2026-05,35-54,50-100k,South,633,ONLINE_PANEL,9,1
R04600438,2026-04,55+,100k+,Northeast,763,ONLINE_PANEL,17,0
R04600439,2026-05,35-54,100k+,South,634,ONLINE_PANEL,3,0
R04600440,2026-06,35-54,<50k,Midwest,878,ONLINE_PANEL,29,0
R04600441,2026-06,35-54,100k+,Northeast,230,ONLINE_PANEL,30,0
R04600442,2026-06,35-54,100k+,Midwest,217,ONLINE_PANEL,14,0
R04600443,2026-06,35-54,100k+,Midwest,167,ONLINE_PANEL,23,1
R04600444,2026-06,55+,<50k,Midwest,376,ONLINE_PANEL,27,0
R04600445,2026-06,55+,50-100k,South,418,ONLINE_PANEL,18,0
R04600446,2026-05,25-34,100k+,South,311,ONLINE_PANEL,10,1
R04600447,2026-04,55+,100k+,Midwest,173,ONLINE_PANEL,3,1
R04600448,2026-05,35-54,50-100k,West,303,ONLINE_PANEL,17,1
R04600449,2026-05,35-54,100k+,South,510,ONLINE_PANEL,6,0
R04600450,2026-06,25-34,50-100k,West,941,ONLINE_PANEL,9,1
R04600451,2026-05,35-54,50-100k,Northeast,154,ONLINE_PANEL,14,0
R04600452,2026-06,25-34,<50k,Midwest,817,ONLINE_PANEL,9,1
R04600453,2026-04,55+,<50k,Midwest,185,ONLINE_PANEL,23,0
R04600454,2026-04,55+,<50k,Midwest,886,ONLINE_PANEL,17,0
R04600455,2026-04,35-54,100k+,Midwest,291,ONLINE_PANEL,28,0
R04600456,2026-05,35-54,<50k,West,360,ONLINE_PANEL,25,0
R04600457,2026-06,55+,<50k,West,290,ONLINE_PANEL,8,1
R04600458,2026-05,25-34,100k+,Midwest,249,ONLINE_PANEL,4,0
R04600459,2026-05,35-54,50-100k,Northeast,737,ONLINE_PANEL,25,1
R04600460,2026-06,55+,<50k,West,226,ONLINE_PANEL,6,0
R04600461,2026-05,55+,100k+,Midwest,103,ONLINE_PANEL,3,1
R04600462,2026-04,25-34,100k+,South,836,ONLINE_PANEL,24,0
R04600463,2026-06,55+,100k+,West,857,ONLINE_PANEL,23,0
R04600464,2026-04,35-54,<50k,Northeast,511,ONLINE_PANEL,8,0
R04600465,2026-04,35-54,100k+,Midwest,808,ONLINE_PANEL,25,1
R04600466,2026-05,25-34,50-100k,South,227,ONLINE_PANEL,24,0
R04600467,2026-04,55+,50-100k,Northeast,397,ONLINE_PANEL,29,1
R04600468,2026-04,55+,100k+,South,797,ONLINE_PANEL,1,0
R04600469,2026-06,25-34,<50k,Northeast,864,ONLINE_PANEL,19,0
R04600470,2026-05,35-54,100k+,Midwest,630,ONLINE_PANEL,18,0
R04600471,2026-05,35-54,<50k,Midwest,123,ONLINE_PANEL,12,0
R04600472,2026-05,18-24,<50k,South,645,ONLINE_PANEL,6,0
R04600473,2026-05,35-54,100k+,Northeast,204,ONLINE_PANEL,22,1
R04600474,2026-06,55+,100k+,Midwest,790,ONLINE_PANEL,23,0
R04600475,2026-04,35-54,100k+,West,313,ONLINE_PANEL,28,0
R04600476,2026-05,35-54,50-100k,West,609,ONLINE_PANEL,26,0
R04600477,2026-05,25-34,<50k,South,518,ONLINE_PANEL,10,1
R04600478,2026-04,18-24,<50k,West,433,ONLINE_PANEL,29,0
R04600479,2026-04,35-54,<50k,Midwest,214,ONLINE_PANEL,1,0
R04600480,2026-05,55+,50-100k,Midwest,104,ONLINE_PANEL,11,1
R04600481,2026-06,25-34,50-100k,Midwest,119,ONLINE_PANEL,7,0
R04600482,2026-04,35-54,100k+,West,503,ONLINE_PANEL,29,0
R04600483,2026-06,18-24,<50k,Midwest,566,ONLINE_PANEL,13,0
R04600484,2026-04,55+,100k+,West,257,ONLINE_PANEL,13,0
R04600485,2026-05,35-54,100k+,Midwest,663,ONLINE_PANEL,5,0
R04600486,2026-06,18-24,100k+,Midwest,206,ONLINE_PANEL,5,1
R04600487,2026-05,35-54,50-100k,South,179,ONLINE_PANEL,16,1
R04600488,2026-05,35-54,50-100k,West,162,ONLINE_PANEL,27,1
R04600489,2026-05,55+,50-100k,Northeast,587,ONLINE_PANEL,13,1
R04600490,2026-04,35-54,<50k,Northeast,880,ONLINE_PANEL,15,0
R04600491,2026-05,55+,100k+,Midwest,918,ONLINE_PANEL,10,0
R04600492,2026-04,35-54,<50k,Northeast,694,ONLINE_PANEL,1,0
R04600493,2026-05,18-24,100k+,Midwest,688,ONLINE_PANEL,20,1
R04600494,2026-04,35-54,<50k,West,979,ONLINE_PANEL,5,0
R04600495,2026-04,25-34,<50k,Midwest,543,ONLINE_PANEL,24,0
R04600496,2026-04,55+,<50k,South,540,ONLINE_PANEL,22,1
R04600497,2026-04,55+,50-100k,Northeast,558,ONLINE_PANEL,25,1
R04600498,2026-06,35-54,100k+,South,960,ONLINE_PANEL,3,1
R04600499,2026-04,35-54,<50k,Northeast,853,ONLINE_PANEL,15,0
R04600500,2026-05,55+,50-100k,Northeast,185,ONLINE_PANEL,28,0
R04600501,2026-06,25-34,<50k,West,754,ONLINE_PANEL,21,1
R04600502,2026-06,35-54,50-100k,Midwest,397,ONLINE_PANEL,30,0
R04600503,2026-04,55+,<50k,West,821,ONLINE_PANEL,10,0
R04600504,2026-05,55+,<50k,West,283,ONLINE_PANEL,11,0
R04600505,2026-05,55+,<50k,Northeast,589,ONLINE_PANEL,27,0
R04600506,2026-05,18-24,100k+,Midwest,552,ONLINE_PANEL,29,1
R04600507,2026-05,55+,<50k,Northeast,243,ONLINE_PANEL,15,0
R04600508,2026-06,18-24,100k+,South,428,ONLINE_PANEL,16,0
R04600509,2026-05,35-54,50-100k,Midwest,325,ONLINE_PANEL,16,1
R04600510,2026-04,18-24,<50k,Midwest,938,ONLINE_PANEL,11,0
R04600511,2026-06,18-24,100k+,South,346,ONLINE_PANEL,14,1
R04600512,2026-05,25-34,50-100k,West,476,ONLINE_PANEL,7,0
R04600513,2026-04,35-54,50-100k,Northeast,927,ONLINE_PANEL,22,0
R04600514,2026-04,25-34,<50k,Northeast,314,ONLINE_PANEL,30,0
R04600515,2026-06,55+,<50k,Midwest,851,ONLINE_PANEL,6,0
R04600516,2026-06,25-34,100k+,West,784,ONLINE_PANEL,21,1
R04600517,2026-06,55+,100k+,Northeast,808,ONLINE_PANEL,25,0
R04600518,2026-06,35-54,<50k,Northeast,255,ONLINE_PANEL,14,0
R04600519,2026-04,18-24,50-100k,West,467,ONLINE_PANEL,22,0
R04600520,2026-04,25-34,100k+,Northeast,728,ONLINE_PANEL,30,1
R04600521,2026-06,25-34,100k+,Northeast,386,ONLINE_PANEL,4,0
R04600522,2026-04,55+,<50k,Northeast,925,ONLINE_PANEL,22,1
R04600523,2026-04,55+,100k+,Midwest,215,ONLINE_PANEL,22,0
R04600524,2026-06,55+,100k+,Northeast,983,ONLINE_PANEL,30,0
R04600525,2026-05,25-34,50-100k,Midwest,865,ONLINE_PANEL,28,0
R04600526,2026-05,18-24,50-100k,West,704,ONLINE_PANEL,15,0
R04600527,2026-04,55+,<50k,Northeast,367,ONLINE_PANEL,23,0
R04600528,2026-06,35-54,100k+,South,297,ONLINE_PANEL,20,1
R04600529,2026-04,35-54,50-100k,Midwest,348,ONLINE_PANEL,22,0
R04600530,2026-05,55+,100k+,South,150,ONLINE_PANEL,23,1
R04600531,2026-05,55+,<50k,Midwest,931,ONLINE_PANEL,24,0
R04600532,2026-05,25-34,50-100k,Midwest,196,ONLINE_PANEL,18,1
R04600533,2026-04,35-54,100k+,South,615,ONLINE_PANEL,21,0
R04600534,2026-05,25-34,50-100k,Northeast,629,ONLINE_PANEL,25,0
R04600535,2026-04,18-24,<50k,West,373,ONLINE_PANEL,6,0
R04600536,2026-05,35-54,100k+,South,466,ONLINE_PANEL,29,1
R04600537,2026-05,55+,100k+,South,632,ONLINE_PANEL,26,1
R04600538,2026-05,55+,<50k,Midwest,427,ONLINE_PANEL,21,0
R04600539,2026-05,35-54,100k+,South,447,ONLINE_PANEL,20,1
R04600540,2026-06,18-24,<50k,South,626,ONLINE_PANEL,30,1
R04600541,2026-04,55+,50-100k,Northeast,197,ONLINE_PANEL,9,0
R04600542,2026-05,18-24,50-100k,Northeast,943,ONLINE_PANEL,8,1
R04600543,2026-05,18-24,50-100k,West,247,ONLINE_PANEL,11,1
R04600544,2026-06,35-54,50-100k,Northeast,570,ONLINE_PANEL,29,0
R04600545,2026-06,18-24,50-100k,West,957,ONLINE_PANEL,22,1
R04600546,2026-04,18-24,<50k,Northeast,937,ONLINE_PANEL,15,1
R04600547,2026-04,25-34,50-100k,West,969,ONLINE_PANEL,17,0
R04600548,2026-06,25-34,100k+,West,525,ONLINE_PANEL,17,1
R04600549,2026-04,55+,<50k,Midwest,222,ONLINE_PANEL,19,0
R04600550,2026-06,25-34,<50k,South,437,ONLINE_PANEL,24,0
R04600551,2026-06,55+,50-100k,West,505,ONLINE_PANEL,2,0
R04600552,2026-04,25-34,100k+,Midwest,645,ONLINE_PANEL,18,1
R04600553,2026-06,25-34,50-100k,South,363,ONLINE_PANEL,21,0
R04600554,2026-04,35-54,100k+,Midwest,242,ONLINE_PANEL,21,0
R04600555,2026-05,55+,100k+,West,263,ONLINE_PANEL,29,0
R04600556,2026-04,25-34,50-100k,Northeast,547,ONLINE_PANEL,26,0
R04600557,2026-05,25-34,50-100k,Northeast,837,ONLINE_PANEL,27,0
R04600558,2026-04,55+,100k+,West,915,ONLINE_PANEL,29,0
R04600559,2026-05,35-54,50-100k,South,560,ONLINE_PANEL,25,0
R04600560,2026-05,18-24,100k+,Northeast,554,ONLINE_PANEL,12,0
R04600561,2026-06,35-54,<50k,Midwest,563,ONLINE_PANEL,22,0
R04600562,2026-05,25-34,<50k,Midwest,594,ONLINE_PANEL,21,1
R04600563,2026-05,35-54,50-100k,Midwest,650,ONLINE_PANEL,30,0
R04600564,2026-04,35-54,100k+,South,254,ONLINE_PANEL,1,1
R04600565,2026-05,35-54,50-100k,Northeast,560,ONLINE_PANEL,8,0
R04600566,2026-04,35-54,50-100k,Midwest,746,ONLINE_PANEL,24,1
R04600567,2026-06,25-34,100k+,West,107,ONLINE_PANEL,27,0
R04600568,2026-05,25-34,100k+,West,948,ONLINE_PANEL,14,1
R04600569,2026-06,55+,<50k,Midwest,809,ONLINE_PANEL,24,1
R04600570,2026-05,18-24,50-100k,West,148,ONLINE_PANEL,21,0
R04600571,2026-05,55+,<50k,Northeast,207,ONLINE_PANEL,7,0
R04600572,2026-06,35-54,100k+,West,887,ONLINE_PANEL,12,0
R04600573,2026-05,55+,50-100k,West,671,ONLINE_PANEL,27,0
R04600574,2026-05,25-34,50-100k,South,696,ONLINE_PANEL,28,0
R04600575,2026-06,25-34,50-100k,West,379,ONLINE_PANEL,12,0
R04600576,2026-05,35-54,<50k,South,429,ONLINE_PANEL,19,0
R04600577,2026-05,35-54,100k+,West,505,ONLINE_PANEL,16,0
R04600578,2026-06,55+,100k+,Northeast,545,ONLINE_PANEL,15,1
R04600579,2026-05,25-34,<50k,Northeast,128,ONLINE_PANEL,9,0
R04600580,2026-05,35-54,50-100k,Northeast,762,ONLINE_PANEL,19,0
R04600581,2026-06,25-34,50-100k,Northeast,731,ONLINE_PANEL,9,0
R04600582,2026-05,25-34,<50k,Midwest,581,ONLINE_PANEL,21,0
R04600583,2026-06,55+,<50k,West,750,ONLINE_PANEL,9,0
R04600584,2026-06,25-34,50-100k,West,468,ONLINE_PANEL,22,1
R04600585,2026-06,55+,<50k,West,459,ONLINE_PANEL,9,0
R04600586,2026-06,35-54,50-100k,Midwest,461,ONLINE_PANEL,29,0
R04600587,2026-06,55+,100k+,South,391,ONLINE_PANEL,21,0
R04600588,2026-05,55+,<50k,Midwest,817,ONLINE_PANEL,9,1
R04600589,2026-06,35-54,<50k,Northeast,779,ONLINE_PANEL,19,1
R04600590,2026-05,25-34,<50k,South,179,ONLINE_PANEL,21,0
R04600591,2026-05,55+,50-100k,Midwest,820,ONLINE_PANEL,1,0
R04600592,2026-04,25-34,<50k,West,734,ONLINE_PANEL,20,0
R04600593,2026-04,35-54,<50k,Midwest,127,ONLINE_PANEL,2,1
R04600594,2026-05,35-54,100k+,West,842,ONLINE_PANEL,22,1
R04600595,2026-06,35-54,<50k,West,142,ONLINE_PANEL,29,0
R04600596,2026-06,35-54,50-100k,South,694,ONLINE_PANEL,5,1
R04600597,2026-04,35-54,100k+,Northeast,792,ONLINE_PANEL,28,1
R04600598,2026-05,55+,100k+,Northeast,889,ONLINE_PANEL,16,0
R04600599,2026-06,25-34,50-100k,Midwest,650,ONLINE_PANEL,2,1
