month,age_group,n,intent_pct,moe95_pts
2024-01,18-34,887,36.5,3.6
2024-01,35-54,1005,34.1,3.3
2024-01,55+,1063,24.5,2.9
2024-02,18-34,887,39.8,3.7
2024-02,35-54,1004,34.3,3.3
2024-02,55+,1063,26.5,3.0
2024-03,18-34,916,41.6,3.6
2024-03,35-54,1039,36.2,3.3
2024-03,55+,1100,29.6,3.1
2024-04,18-34,890,41.7,3.7
2024-04,35-54,1008,34.7,3.4
2024-04,55+,1068,28.5,3.1
2024-05,18-34,876,42.1,3.7
2024-05,35-54,992,37.3,3.4
2024-05,55+,1051,29.8,3.2
2024-06,18-34,905,42.0,3.7
2024-06,35-54,1024,35.6,3.3
2024-06,55+,1084,26.8,3.0
2024-07,18-34,878,41.0,3.7
2024-07,35-54,995,39.5,3.5
2024-07,55+,1053,29.1,3.1
2024-08,18-34,881,41.8,3.7
2024-08,35-54,998,37.0,3.4
2024-08,55+,1058,32.2,3.2
2024-09,18-34,913,44.6,3.7
2024-09,35-54,1034,36.8,3.4
2024-09,55+,1095,29.9,3.1
2024-10,18-34,880,41.1,3.7
2024-10,35-54,997,36.8,3.4
2024-10,55+,1055,29.3,3.1
2024-11,18-34,900,46.4,3.7
2024-11,35-54,1021,40.2,3.4
2024-11,55+,1082,33.8,3.2
2024-12,18-34,892,46.6,3.7
2024-12,35-54,1011,42.8,3.5
2024-12,55+,1071,33.4,3.2
2025-01,18-34,905,37.7,3.6
2025-01,35-54,1027,31.2,3.2
2025-01,55+,1087,24.9,2.9
2025-02,18-34,895,41.8,3.7
2025-02,35-54,1016,33.5,3.3
2025-02,55+,1075,26.0,3.0
2025-03,18-34,910,41.0,3.6
2025-03,35-54,1032,36.4,3.3
2025-03,55+,1092,30.3,3.1
2025-04,18-34,907,39.7,3.6
2025-04,35-54,1028,35.0,3.3
2025-04,55+,1087,28.5,3.1
2025-05,18-34,897,42.9,3.7
2025-05,35-54,1017,36.7,3.4
2025-05,55+,1076,28.6,3.1
2025-06,18-34,913,38.7,3.6
2025-06,35-54,1037,35.4,3.3
2025-06,55+,1097,27.9,3.0
2025-07,18-34,895,42.5,3.7
2025-07,35-54,1016,35.5,3.4
2025-07,55+,1075,28.5,3.1
2025-08,18-34,892,45.1,3.7
2025-08,35-54,1011,38.8,3.4
2025-08,55+,1071,31.8,3.2
2025-09,18-34,882,43.3,3.7
2025-09,35-54,1000,35.9,3.4
2025-09,55+,1058,33.0,3.2
2025-10,18-34,903,41.6,3.7
2025-10,35-54,1023,39.5,3.4
2025-10,55+,1082,32.1,3.2
2025-11,18-34,889,48.1,3.7
2025-11,35-54,1008,40.9,3.5
2025-11,55+,1067,34.7,3.3
2025-12,18-34,918,46.1,3.7
2025-12,35-54,1040,43.3,3.4
2025-12,55+,1100,35.1,3.2
2026-01,18-34,901,38.0,3.6
2026-01,35-54,1022,34.6,3.3
2026-01,55+,1082,27.6,3.0
2026-02,18-34,884,39.7,3.7
2026-02,35-54,1004,37.2,3.4
2026-02,55+,1063,27.2,3.0
2026-03,18-34,876,42.1,3.7
2026-03,35-54,994,41.9,3.5
2026-03,55+,1052,31.3,3.2
2026-04,18-34,882,45.2,3.7
2026-04,35-54,1000,39.7,3.5
2026-04,55+,1058,30.6,3.2
2026-05,18-34,878,45.4,3.8
2026-05,35-54,995,38.8,3.5
2026-05,55+,1054,31.5,3.2
2026-06,18-34,891,43.8,3.7
2026-06,35-54,1010,40.7,3.5
2026-06,55+,1070,31.6,3.2
2026-07,18-34,916,44.0,3.7
2026-07,35-54,1037,38.9,3.4
2026-07,55+,1100,31.2,3.1
2026-08,18-34,913,45.7,3.7
2026-08,35-54,1034,44.0,3.4
2026-08,55+,1095,35.4,3.2
