month,n,intent_pct,moe95_pts
2024-01,2955,31.4,1.9
2024-02,2954,33.1,1.9
2024-03,3055,35.5,1.9
2024-04,2966,34.6,2.0
2024-05,2919,36.0,2.0
2024-06,3013,34.4,1.9
2024-07,2926,36.2,2.0
2024-08,2937,36.7,2.0
2024-09,3042,36.6,2.0
2024-10,2932,35.4,2.0
2024-11,3003,39.8,2.0
2024-12,2974,40.6,2.0
2025-01,3019,30.9,1.9
2025-02,2986,33.3,1.9
2025-03,3034,35.6,1.9
2025-04,3022,34.1,1.9
2025-05,2990,35.7,2.0
2025-06,3047,33.7,1.9
2025-07,2986,35.1,2.0
2025-08,2974,38.2,2.0
2025-09,2940,37.1,2.0
2025-10,3008,37.5,2.0
2025-11,2964,40.8,2.0
2025-12,3058,41.2,2.0
2026-01,3005,33.1,1.9
2026-02,2951,34.3,2.0
2026-03,2922,38.1,2.0
2026-04,2940,38.1,2.0
2026-05,2927,38.2,2.0
2026-06,2971,38.3,2.0
2026-07,3053,37.6,2.0
2026-08,3042,41.4,2.0
