month,region,n,intent_pct,moe95_pts
2024-01,Midwest,620,31.6,4.2
2024-01,Northeast,503,29.6,4.5
2024-01,South,1123,31.0,3.1
2024-01,West,709,33.0,3.9
2024-02,Midwest,620,32.3,4.2
2024-02,Northeast,503,36.8,4.8
2024-02,South,1122,33.0,3.1
2024-02,West,709,31.6,3.9
2024-03,Midwest,641,33.4,4.2
2024-03,Northeast,520,32.5,4.6
2024-03,South,1161,37.6,3.2
2024-03,West,733,35.9,4.0
2024-04,Midwest,623,35.3,4.3
2024-04,Northeast,504,34.9,4.7
2024-04,South,1127,34.0,3.2
2024-04,West,712,34.6,4.0
2024-05,Midwest,613,34.1,4.3
2024-05,Northeast,497,35.0,4.8
2024-05,South,1109,35.8,3.2
2024-05,West,700,38.9,4.1
2024-06,Midwest,633,32.2,4.2
2024-06,Northeast,512,34.8,4.7
2024-06,South,1145,33.9,3.1
2024-06,West,723,36.8,4.0
2024-07,Midwest,614,36.8,4.3
2024-07,Northeast,497,35.0,4.8
2024-07,South,1112,35.7,3.2
2024-07,West,703,37.3,4.1
2024-08,Midwest,617,33.7,4.3
2024-08,Northeast,500,38.8,4.9
2024-08,South,1116,37.1,3.2
2024-08,West,704,37.2,4.1
2024-09,Midwest,639,34.7,4.2
2024-09,Northeast,517,38.3,4.8
2024-09,South,1156,37.2,3.2
2024-09,West,730,36.2,4.0
2024-10,Midwest,616,33.4,4.2
2024-10,Northeast,499,36.1,4.8
2024-10,South,1114,35.6,3.2
2024-10,West,703,36.3,4.1
2024-11,Midwest,630,36.3,4.3
2024-11,Northeast,511,38.7,4.8
2024-11,South,1141,43.3,3.3
2024-11,West,721,37.9,4.0
2024-12,Midwest,624,37.7,4.3
2024-12,Northeast,506,38.9,4.8
2024-12,South,1130,41.5,3.3
2024-12,West,714,42.9,4.1
2025-01,Midwest,634,29.0,4.0
2025-01,Northeast,514,29.8,4.5
2025-01,South,1147,31.6,3.1
2025-01,West,724,32.0,3.9
2025-02,Midwest,627,33.0,4.2
2025-02,Northeast,508,32.9,4.7
2025-02,South,1134,31.9,3.1
2025-02,West,717,36.0,4.0
2025-03,Midwest,637,32.0,4.1
2025-03,Northeast,516,37.6,4.8
2025-03,South,1153,35.9,3.2
2025-03,West,728,36.8,4.0
2025-04,Midwest,634,34.7,4.2
2025-04,Northeast,514,35.0,4.7
2025-04,South,1148,34.2,3.1
2025-04,West,726,32.6,3.9
2025-05,Midwest,628,34.9,4.2
2025-05,Northeast,509,31.8,4.6
2025-05,South,1136,34.8,3.2
2025-05,West,717,40.4,4.1
2025-06,Midwest,640,32.5,4.1
2025-06,Northeast,518,37.3,4.7
2025-06,South,1158,31.6,3.1
2025-06,West,731,35.4,4.0
2025-07,Midwest,627,35.9,4.3
2025-07,Northeast,508,33.1,4.7
2025-07,South,1134,35.6,3.2
2025-07,West,717,34.9,4.0
2025-08,Midwest,624,34.3,4.2
2025-08,Northeast,506,38.7,4.8
2025-08,South,1130,37.9,3.2
2025-08,West,714,41.6,4.1
2025-09,Midwest,617,34.0,4.3
2025-09,Northeast,500,34.4,4.7
2025-09,South,1117,38.5,3.3
2025-09,West,706,39.4,4.1
2025-10,Midwest,632,37.5,4.3
2025-10,Northeast,511,34.6,4.7
2025-10,South,1143,37.4,3.2
2025-10,West,722,39.6,4.1
2025-11,Midwest,623,38.5,4.4
2025-11,Northeast,503,37.6,4.8
2025-11,South,1127,42.7,3.3
2025-11,West,711,42.2,4.1
2025-12,Midwest,642,35.7,4.2
2025-12,Northeast,520,40.6,4.8
2025-12,South,1162,43.5,3.3
2025-12,West,734,42.6,4.1
2026-01,Midwest,631,31.2,4.1
2026-01,Northeast,511,34.4,4.7
2026-01,South,1142,33.5,3.1
2026-01,West,721,33.1,3.9
2026-02,Midwest,620,34.2,4.3
2026-02,Northeast,502,32.1,4.7
2026-02,South,1121,34.5,3.2
2026-02,West,708,35.7,4.0
2026-03,Midwest,614,38.3,4.4
2026-03,Northeast,497,34.0,4.7
2026-03,South,1111,40.8,3.3
2026-03,West,700,36.7,4.1
2026-04,Midwest,617,36.0,4.3
2026-04,Northeast,500,33.8,4.7
2026-04,South,1117,39.6,3.3
2026-04,West,706,40.7,4.1
2026-05,Midwest,614,35.2,4.3
2026-05,Northeast,497,35.2,4.8
2026-05,South,1113,39.8,3.3
2026-05,West,703,40.3,4.1
2026-06,Midwest,624,36.2,4.3
2026-06,Northeast,505,33.9,4.7
2026-06,South,1129,43.5,3.3
2026-06,West,713,35.2,4.0
2026-07,Midwest,641,35.3,4.2
2026-07,Northeast,519,35.3,4.7
2026-07,South,1160,40.7,3.2
2026-07,West,733,36.6,4.0
2026-08,Midwest,639,35.5,4.2
2026-08,Northeast,517,40.0,4.8
2026-08,South,1156,45.6,3.3
2026-08,West,730,41.0,4.1
